numero,nome,tipos,total,geracao
1,Bulbasaur,Grass/Poison,318,1
2,Ivysaur,Grass/Poison,405,1
3,Venusaur,Grass/Poison,525,1
4,Charmander,Fire,309,1
5,Charmeleon,Fire,405,1
6,Charizard,Fire/Flying,534,1
7,Squirtle,Water,314,1
8,Wartortle,Water,405,1
9,Blastoise,Water,530,1
10,Caterpie,Bug,195,1
11,Metapod,Bug,205,1
12,Butterfree,Bug/Flying,395,1
13,Weedle,Bug/Poison,195,1
14,Kakuna,Bug/Poison,205,1
15,Beedrill,Bug/Poison,395,1
16,Pidgey,Normal/Flying,251,1
17,Pidgeotto,Normal/Flying,349,1
18,Pidgeot,Normal/Flying,479,1
19,Rattata,Normal,253,1
20,Raticate,Normal,413,1
21,Spearow,Normal/Flying,262,1
22,Fearow,Normal/Flying,442,1
23,Ekans,Poison,288,1
24,Arbok,Poison,448,1
25,Pikachu,Electric,320,1
26,Raichu,Electric,485,1
27,Sandshrew,Ground,300,1
28,Sandslash,Ground,450,1
29,Nidoran♀,Poison,275,1
30,Nidorina,Poison,365,1
31,Nidoqueen,Poison/Ground,505,1
32,Nidoran♂,Poison,273,1
33,Nidorino,Poison,365,1
34,Nidoking,Poison/Ground,505,1
35,Clefairy,Fairy,323,1
36,Clefable,Fairy,483,1
37,Vulpix,Fire,299,1
38,Ninetales,Fire,505,1
39,Jigglypuff,Normal/Fairy,270,1
40,Wigglytuff,Normal/Fairy,435,1
41,Zubat,Poison/Flying,245,1
42,Golbat,Poison/Flying,455,1
43,Oddish,Grass/Poison,320,1
44,Gloom,Grass/Poison,395,1
45,Vileplume,Grass/Poison,490,1
46,Paras,Bug/Grass,285,1
47,Parasect,Bug/Grass,405,1
48,Venonat,Bug/Poison,305,1
49,Venomoth,Bug/Poison,450,1
50,Diglett,Ground,265,1
51,Dugtrio,Ground,425,1
52,Meowth,Normal,290,1
53,Persian,Normal,440,1
54,Psyduck,Water,320,1
55,Golduck,Water,500,1
56,Mankey,Fighting,305,1
57,Primeape,Fighting,455,1
58,Growlithe,Fire,350,1
59,Arcanine,Fire,555,1
60,Poliwag,Water,300,1
61,Poliwhirl,Water,385,1
62,Poliwrath,Water/Fighting,510,1
63,Abra,Psychic,310,1
64,Kadabra,Psychic,400,1
65,Alakazam,Psychic,500,1
66,Machop,Fighting,305,1
67,Machoke,Fighting,405,1
68,Machamp,Fighting,505,1
69,Bellsprout,Grass/Poison,300,1
70,Weepinbell,Grass/Poison,390,1
71,Victreebel,Grass/Poison,490,1
72,Tentacool,Water/Poison,335,1
73,Tentacruel,Water/Poison,515,1
74,Geodude,Rock/Ground,300,1
75,Graveler,Rock/Ground,390,1
76,Golem,Rock/Ground,495,1
77,Ponyta,Fire,410,1
78,Rapidash,Fire,500,1
79,Slowpoke,Water/Psychic,315,1
80,Slowbro,Water/Psychic,490,1
81,Magnemite,Electric/Steel,325,1
82,Magneton,Electric/Steel,465,1
83,Farfetch'd,Normal/Flying,377,1
84,Doduo,Normal/Flying,310,1
85,Dodrio,Normal/Flying,470,1
86,Seel,Water,325,1
87,Dewgong,Water/Ice,475,1
88,Grimer,Poison,325,1
89,Muk,Poison,500,1
90,Shellder,Water,305,1
91,Cloyster,Water/Ice,525,1
92,Gastly,Ghost/Poison,310,1
93,Haunter,Ghost/Poison,405,1
94,Gengar,Ghost/Poison,500,1
95,Onix,Rock/Ground,385,1
96,Drowzee,Psychic,328,1
97,Hypno,Psychic,483,1
98,Krabby,Water,325,1
99,Kingler,Water,475,1
100,Voltorb,Electric,330,1
101,Electrode,Electric,490,1
102,Exeggcute,Grass/Psychic,325,1
103,Exeggutor,Grass/Psychic,530,1
104,Cubone,Ground,320,1
105,Marowak,Ground,425,1
106,Hitmonlee,Fighting,455,1
107,Hitmonchan,Fighting,455,1
108,Lickitung,Normal,385,1
109,Koffing,Poison,340,1
110,Weezing,Poison,490,1
111,Rhyhorn,Ground/Rock,345,1
112,Rhydon,Ground/Rock,485,1
113,Chansey,Normal,450,1
114,Tangela,Grass,435,1
115,Kangaskhan,Normal,490,1
116,Horsea,Water,295,1
117,Seadra,Water,440,1
118,Goldeen,Water,320,1
119,Seaking,Water,450,1
120,Staryu,Water,340,1
121,Starmie,Water/Psychic,520,1
122,Mr. Mime,Psychic/Fairy,460,1
123,Scyther,Bug/Flying,500,1
124,Jynx,Ice/Psychic,455,1
125,Electabuzz,Electric,490,1
126,Magmar,Fire,495,1
127,Pinsir,Bug,500,1
128,Tauros,Normal,490,1
129,Magikarp,Water,200,1
130,Gyarados,Water/Flying,540,1
131,Lapras,Water/Ice,535,1
132,Ditto,Normal,288,1
133,Eevee,Normal,325,1
134,Vaporeon,Water,525,1
135,Jolteon,Electric,525,1
136,Flareon,Fire,525,1
137,Porygon,Normal,395,1
138,Omanyte,Rock/Water,355,1
139,Omastar,Rock/Water,495,1
140,Kabuto,Rock/Water,355,1
141,Kabutops,Rock/Water,495,1
142,Aerodactyl,Rock/Flying,515,1
143,Snorlax,Normal,540,1
144,Articuno,Ice/Flying,580,1
145,Zapdos,Electric/Flying,580,1
146,Moltres,Fire/Flying,580,1
147,Dratini,Dragon,300,1
148,Dragonair,Dragon,420,1
149,Dragonite,Dragon/Flying,600,1
150,Mewtwo,Psychic,680,1
151,Mew,Psychic,600,1
152,Chikorita,Grass,318,2
153,Bayleef,Grass,405,2
154,Meganium,Grass,525,2
155,Cyndaquil,Fire,309,2
156,Quilava,Fire,405,2
157,Typhlosion,Fire,534,2
158,Totodile,Water,314,2
159,Croconaw,Water,405,2
160,Feraligatr,Water,530,2
161,Sentret,Normal,215,2
162,Furret,Normal,415,2
163,Hoothoot,Normal/Flying,262,2
164,Noctowl,Normal/Flying,452,2
165,Ledyba,Bug/Flying,265,2
166,Ledian,Bug/Flying,390,2
167,Spinarak,Bug/Poison,250,2
168,Ariados,Bug/Poison,400,2
169,Crobat,Poison/Flying,535,2
170,Chinchou,Water/Electric,330,2
171,Lanturn,Water/Electric,460,2
172,Pichu,Electric,205,2
173,Cleffa,Fairy,218,2
174,Igglybuff,Normal/Fairy,210,2
175,Togepi,Fairy,245,2
176,Togetic,Fairy/Flying,405,2
177,Natu,Psychic/Flying,320,2
178,Xatu,Psychic/Flying,470,2
179,Mareep,Electric,280,2
180,Flaaffy,Electric,365,2
181,Ampharos,Electric,510,2
182,Bellossom,Grass,490,2
183,Marill,Water/Fairy,250,2
184,Azumarill,Water/Fairy,420,2
185,Sudowoodo,Rock,410,2
186,Politoed,Water,500,2
187,Hoppip,Grass/Flying,250,2
188,Skiploom,Grass/Flying,340,2
189,Jumpluff,Grass/Flying,460,2
190,Aipom,Normal,360,2
191,Sunkern,Grass,180,2
192,Sunflora,Grass,425,2
193,Yanma,Bug/Flying,390,2
194,Wooper,Water/Ground,210,2
195,Quagsire,Water/Ground,430,2
196,Espeon,Psychic,525,2
197,Umbreon,Dark,525,2
198,Murkrow,Dark/Flying,405,2
199,Slowking,Water/Psychic,490,2
200,Misdreavus,Ghost,435,2
201,Unown,Psychic,336,2
202,Wobbuffet,Psychic,405,2
203,Girafarig,Normal/Psychic,455,2
204,Pineco,Bug,290,2
205,Forretress,Bug/Steel,465,2
206,Dunsparce,Normal,415,2
207,Gligar,Ground/Flying,430,2
208,Steelix,Steel/Ground,510,2
209,Snubbull,Fairy,300,2
210,Granbull,Fairy,450,2
211,Qwilfish,Water/Poison,440,2
212,Scizor,Bug/Steel,500,2
213,Shuckle,Bug/Rock,505,2
214,Heracross,Bug/Fighting,500,2
215,Sneasel,Dark/Ice,430,2
216,Teddiursa,Normal,330,2
217,Ursaring,Normal,500,2
218,Slugma,Fire,250,2
219,Magcargo,Fire/Rock,430,2
220,Swinub,Ice/Ground,250,2
221,Piloswine,Ice/Ground,450,2
222,Corsola,Water/Rock,410,2
223,Remoraid,Water,300,2
224,Octillery,Water,480,2
225,Delibird,Ice/Flying,330,2
226,Mantine,Water/Flying,485,2
227,Skarmory,Steel/Flying,465,2
228,Houndour,Dark/Fire,330,2
229,Houndoom,Dark/Fire,500,2
230,Kingdra,Water/Dragon,540,2
231,Phanpy,Ground,330,2
232,Donphan,Ground,500,2
233,Porygon2,Normal,515,2
234,Stantler,Normal,465,2
235,Smeargle,Normal,250,2
236,Tyrogue,Fighting,210,2
237,Hitmontop,Fighting,455,2
238,Smoochum,Ice/Psychic,305,2
239,Elekid,Electric,360,2
240,Magby,Fire,365,2
241,Miltank,Normal,490,2
242,Blissey,Normal,540,2
243,Raikou,Electric,580,2
244,Entei,Fire,580,2
245,Suicune,Water,580,2
246,Larvitar,Rock/Ground,300,2
247,Pupitar,Rock/Ground,410,2
248,Tyranitar,Rock/Dark,600,2
249,Lugia,Psychic/Flying,680,2
250,Ho-oh,Fire/Flying,680,2
251,Celebi,Psychic/Grass,600,2
252,Treecko,Grass,310,3
253,Grovyle,Grass,405,3
254,Sceptile,Grass,530,3
255,Torchic,Fire,310,3
256,Combusken,Fire/Fighting,405,3
257,Blaziken,Fire/Fighting,530,3
258,Mudkip,Water,310,3
259,Marshtomp,Water/Ground,405,3
260,Swampert,Water/Ground,535,3
261,Poochyena,Dark,220,3
262,Mightyena,Dark,420,3
263,Zigzagoon,Normal,240,3
264,Linoone,Normal,420,3
265,Wurmple,Bug,195,3
266,Silcoon,Bug,205,3
267,Beautifly,Bug/Flying,395,3
268,Cascoon,Bug,205,3
269,Dustox,Bug/Poison,385,3
270,Lotad,Water/Grass,220,3
271,Lombre,Water/Grass,340,3
272,Ludicolo,Water/Grass,480,3
273,Seedot,Grass,220,3
274,Nuzleaf,Grass/Dark,340,3
275,Shiftry,Grass/Dark,480,3
276,Taillow,Normal/Flying,270,3
277,Swellow,Normal/Flying,455,3
278,Wingull,Water/Flying,270,3
279,Pelipper,Water/Flying,440,3
280,Ralts,Psychic/Fairy,198,3
281,Kirlia,Psychic/Fairy,278,3
282,Gardevoir,Psychic/Fairy,518,3
283,Surskit,Bug/Water,269,3
284,Masquerain,Bug/Flying,454,3
285,Shroomish,Grass,295,3
286,Breloom,Grass/Fighting,460,3
287,Slakoth,Normal,280,3
288,Vigoroth,Normal,440,3
289,Slaking,Normal,670,3
290,Nincada,Bug/Ground,266,3
291,Ninjask,Bug/Flying,456,3
292,Shedinja,Bug/Ghost,236,3
293,Whismur,Normal,240,3
294,Loudred,Normal,360,3
295,Exploud,Normal,490,3
296,Makuhita,Fighting,237,3
297,Hariyama,Fighting,474,3
298,Azurill,Normal/Fairy,190,3
299,Nosepass,Rock,375,3
300,Skitty,Normal,260,3
301,Delcatty,Normal,400,3
302,Sableye,Dark/Ghost,380,3
303,Mawile,Steel/Fairy,380,3
304,Aron,Steel/Rock,330,3
305,Lairon,Steel/Rock,430,3
306,Aggron,Steel/Rock,530,3
307,Meditite,Fighting/Psychic,280,3
308,Medicham,Fighting/Psychic,410,3
309,Electrike,Electric,295,3
310,Manectric,Electric,475,3
311,Plusle,Electric,405,3
312,Minun,Electric,405,3
313,Volbeat,Bug,430,3
314,Illumise,Bug,430,3
315,Roselia,Grass/Poison,400,3
316,Gulpin,Poison,302,3
317,Swalot,Poison,467,3
318,Carvanha,Water/Dark,305,3
319,Sharpedo,Water/Dark,460,3
320,Wailmer,Water,400,3
321,Wailord,Water,500,3
322,Numel,Fire/Ground,305,3
323,Camerupt,Fire/Ground,460,3
324,Torkoal,Fire,470,3
325,Spoink,Psychic,330,3
326,Grumpig,Psychic,470,3
327,Spinda,Normal,360,3
328,Trapinch,Ground,290,3
329,Vibrava,Ground/Dragon,340,3
330,Flygon,Ground/Dragon,520,3
331,Cacnea,Grass,335,3
332,Cacturne,Grass/Dark,475,3
333,Swablu,Normal/Flying,310,3
334,Altaria,Dragon/Flying,490,3
335,Zangoose,Normal,458,3
336,Seviper,Poison,458,3
337,Lunatone,Rock/Psychic,460,3
338,Solrock,Rock/Psychic,460,3
339,Barboach,Water/Ground,288,3
340,Whiscash,Water/Ground,468,3
341,Corphish,Water,308,3
342,Crawdaunt,Water/Dark,468,3
343,Baltoy,Ground/Psychic,300,3
344,Claydol,Ground/Psychic,500,3
345,Lileep,Rock/Grass,355,3
346,Cradily,Rock/Grass,495,3
347,Anorith,Rock/Bug,355,3
348,Armaldo,Rock/Bug,495,3
349,Feebas,Water,200,3
350,Milotic,Water,540,3
351,Castform,Normal,420,3
352,Kecleon,Normal,440,3
353,Shuppet,Ghost,295,3
354,Banette,Ghost,455,3
355,Duskull,Ghost,295,3
356,Dusclops,Ghost,455,3
357,Tropius,Grass/Flying,460,3
358,Chimecho,Psychic,455,3
359,Absol,Dark,465,3
360,Wynaut,Psychic,260,3
361,Snorunt,Ice,300,3
362,Glalie,Ice,480,3
363,Spheal,Ice/Water,290,3
364,Sealeo,Ice/Water,410,3
365,Walrein,Ice/Water,530,3
366,Clamperl,Water,345,3
367,Huntail,Water,485,3
368,Gorebyss,Water,485,3
369,Relicanth,Water/Rock,485,3
370,Luvdisc,Water,330,3
371,Bagon,Dragon,300,3
372,Shelgon,Dragon,420,3
373,Salamence,Dragon/Flying,600,3
374,Beldum,Steel/Psychic,300,3
375,Metang,Steel/Psychic,420,3
376,Metagross,Steel/Psychic,600,3
377,Regirock,Rock,580,3
378,Regice,Ice,580,3
379,Registeel,Steel,580,3
380,Latias,Dragon/Psychic,600,3
381,Latios,Dragon/Psychic,600,3
382,Kyogre,Water,670,3
383,Groudon,Ground,670,3
384,Rayquaza,Dragon/Flying,680,3
385,Jirachi,Steel/Psychic,600,3
386,DeoxysNormal Forme,Psychic,600,3
387,Turtwig,Grass,318,4
388,Grotle,Grass,405,4
389,Torterra,Grass/Ground,525,4
390,Chimchar,Fire,309,4
391,Monferno,Fire/Fighting,405,4
392,Infernape,Fire/Fighting,534,4
393,Piplup,Water,314,4
394,Prinplup,Water,405,4
395,Empoleon,Water/Steel,530,4
396,Starly,Normal/Flying,245,4
397,Staravia,Normal/Flying,340,4
398,Staraptor,Normal/Flying,485,4
399,Bidoof,Normal,250,4
400,Bibarel,Normal/Water,410,4
401,Kricketot,Bug,194,4
402,Kricketune,Bug,384,4
403,Shinx,Electric,263,4
404,Luxio,Electric,363,4
405,Luxray,Electric,523,4
406,Budew,Grass/Poison,280,4
407,Roserade,Grass/Poison,515,4
408,Cranidos,Rock,350,4
409,Rampardos,Rock,495,4
410,Shieldon,Rock/Steel,350,4
411,Bastiodon,Rock/Steel,495,4
412,BurmyPlant Cloak,Bug,224,4
413,WormadamPlant Cloak,Bug/Grass,424,4
414,Mothim,Bug/Flying,424,4
415,Combee,Bug/Flying,244,4
416,Vespiquen,Bug/Flying,474,4
417,Pachirisu,Electric,405,4
418,Buizel,Water,330,4
419,Floatzel,Water,495,4
420,Cherubi,Grass,275,4
421,Cherrim,Grass,450,4
422,Shellos,Water,325,4
423,Gastrodon,Water/Ground,475,4
424,Ambipom,Normal,482,4
425,Drifloon,Ghost/Flying,348,4
426,Drifblim,Ghost/Flying,498,4
427,Buneary,Normal,350,4
428,Lopunny,Normal,480,4
429,Mismagius,Ghost,495,4
430,Honchkrow,Dark/Flying,505,4
431,Glameow,Normal,310,4
432,Purugly,Normal,452,4
433,Chingling,Psychic,285,4
434,Stunky,Poison/Dark,329,4
435,Skuntank,Poison/Dark,479,4
436,Bronzor,Steel/Psychic,300,4
437,Bronzong,Steel/Psychic,500,4
438,Bonsly,Rock,290,4
439,Mime Jr.,Psychic/Fairy,310,4
440,Happiny,Normal,220,4
441,Chatot,Normal/Flying,411,4
442,Spiritomb,Ghost/Dark,485,4
443,Gible,Dragon/Ground,300,4
444,Gabite,Dragon/Ground,410,4
445,Garchomp,Dragon/Ground,600,4
446,Munchlax,Normal,390,4
447,Riolu,Fighting,285,4
448,Lucario,Fighting/Steel,525,4
449,Hippopotas,Ground,330,4
450,Hippowdon,Ground,525,4
451,Skorupi,Poison/Bug,330,4
452,Drapion,Poison/Dark,500,4
453,Croagunk,Poison/Fighting,300,4
454,Toxicroak,Poison/Fighting,490,4
455,Carnivine,Grass,454,4
456,Finneon,Water,330,4
457,Lumineon,Water,460,4
458,Mantyke,Water/Flying,345,4
459,Snover,Grass/Ice,334,4
460,Abomasnow,Grass/Ice,494,4
461,Weavile,Dark/Ice,510,4
462,Magnezone,Electric/Steel,535,4
463,Lickilicky,Normal,515,4
464,Rhyperior,Ground/Rock,535,4
465,Tangrowth,Grass,535,4
466,Electivire,Electric,540,4
467,Magmortar,Fire,540,4
468,Togekiss,Fairy/Flying,545,4
469,Yanmega,Bug/Flying,515,4
470,Leafeon,Grass,525,4
471,Glaceon,Ice,525,4
472,Gliscor,Ground/Flying,510,4
473,Mamoswine,Ice/Ground,530,4
474,Porygon-Z,Normal,535,4
475,Gallade,Psychic/Fighting,518,4
476,Probopass,Rock/Steel,525,4
477,Dusknoir,Ghost,525,4
478,Froslass,Ice/Ghost,480,4
479,Rotom,Electric/Ghost,440,4
480,Uxie,Psychic,580,4
481,Mesprit,Psychic,580,4
482,Azelf,Psychic,580,4
483,Dialga,Steel/Dragon,680,4
484,Palkia,Water/Dragon,680,4
485,Heatran,Fire/Steel,600,4
486,Regigigas,Normal,670,4
487,GiratinaAltered Forme,Ghost/Dragon,680,4
488,Cresselia,Psychic,580,4
489,Phione,Water,480,4
490,Manaphy,Water,600,4
491,Darkrai,Dark,600,4
492,ShayminLand Forme,Grass,600,4
493,Arceus,Normal,720,4
494,Victini,Psychic/Fire,600,5
495,Snivy,Grass,308,5
496,Servine,Grass,413,5
497,Serperior,Grass,528,5
498,Tepig,Fire,308,5
499,Pignite,Fire/Fighting,418,5
500,Emboar,Fire/Fighting,528,5
501,Oshawott,Water,308,5
502,Dewott,Water,413,5
503,Samurott,Water,528,5
504,Patrat,Normal,255,5
505,Watchog,Normal,420,5
506,Lillipup,Normal,275,5
507,Herdier,Normal,370,5
508,Stoutland,Normal,500,5
509,Purrloin,Dark,281,5
510,Liepard,Dark,446,5
511,Pansage,Grass,316,5
512,Simisage,Grass,498,5
513,Pansear,Fire,316,5
514,Simisear,Fire,498,5
515,Panpour,Water,316,5
516,Simipour,Water,498,5
517,Munna,Psychic,292,5
518,Musharna,Psychic,487,5
519,Pidove,Normal/Flying,264,5
520,Tranquill,Normal/Flying,358,5
521,Unfezant,Normal/Flying,488,5
522,Blitzle,Electric,295,5
523,Zebstrika,Electric,497,5
524,Roggenrola,Rock,280,5
525,Boldore,Rock,390,5
526,Gigalith,Rock,515,5
527,Woobat,Psychic/Flying,323,5
528,Swoobat,Psychic/Flying,425,5
529,Drilbur,Ground,328,5
530,Excadrill,Ground/Steel,508,5
531,Audino,Normal,445,5
532,Timburr,Fighting,305,5
533,Gurdurr,Fighting,405,5
534,Conkeldurr,Fighting,505,5
535,Tympole,Water,294,5
536,Palpitoad,Water/Ground,384,5
537,Seismitoad,Water/Ground,509,5
538,Throh,Fighting,465,5
539,Sawk,Fighting,465,5
540,Sewaddle,Bug/Grass,310,5
541,Swadloon,Bug/Grass,380,5
542,Leavanny,Bug/Grass,500,5
543,Venipede,Bug/Poison,260,5
544,Whirlipede,Bug/Poison,360,5
545,Scolipede,Bug/Poison,485,5
546,Cottonee,Grass/Fairy,280,5
547,Whimsicott,Grass/Fairy,480,5
548,Petilil,Grass,280,5
549,Lilligant,Grass,480,5
550,BasculinRed-Striped Form,Water,460,5
551,Sandile,Ground/Dark,292,5
552,Krokorok,Ground/Dark,351,5
553,Krookodile,Ground/Dark,519,5
554,Darumaka,Fire,315,5
555,DarmanitanStandard Mode,Fire,480,5
556,Maractus,Grass,461,5
557,Dwebble,Bug/Rock,325,5
558,Crustle,Bug/Rock,485,5
559,Scraggy,Dark/Fighting,348,5
560,Scrafty,Dark/Fighting,488,5
561,Sigilyph,Psychic/Flying,490,5
562,Yamask,Ghost,303,5
563,Cofagrigus,Ghost,483,5
564,Tirtouga,Water/Rock,355,5
565,Carracosta,Water/Rock,495,5
566,Archen,Rock/Flying,401,5
567,Archeops,Rock/Flying,567,5
568,Trubbish,Poison,329,5
569,Garbodor,Poison,474,5
570,Zorua,Dark,330,5
571,Zoroark,Dark,510,5
572,Minccino,Normal,300,5
573,Cinccino,Normal,470,5
574,Gothita,Psychic,290,5
575,Gothorita,Psychic,390,5
576,Gothitelle,Psychic,490,5
577,Solosis,Psychic,290,5
578,Duosion,Psychic,370,5
579,Reuniclus,Psychic,490,5
580,Ducklett,Water/Flying,305,5
581,Swanna,Water/Flying,473,5
582,Vanillite,Ice,305,5
583,Vanillish,Ice,395,5
584,Vanilluxe,Ice,535,5
585,Deerling,Normal/Grass,335,5
586,Sawsbuck,Normal/Grass,475,5
587,Emolga,Electric/Flying,428,5
588,Karrablast,Bug,315,5
589,Escavalier,Bug/Steel,495,5
590,Foongus,Grass/Poison,294,5
591,Amoonguss,Grass/Poison,464,5
592,Frillish,Water/Ghost,335,5
593,Jellicent,Water/Ghost,480,5
594,Alomomola,Water,470,5
595,Joltik,Bug/Electric,319,5
596,Galvantula,Bug/Electric,472,5
597,Ferroseed,Grass/Steel,305,5
598,Ferrothorn,Grass/Steel,489,5
599,Klink,Steel,300,5
600,Klang,Steel,440,5
601,Klinklang,Steel,520,5
602,Tynamo,Electric,275,5
603,Eelektrik,Electric,405,5
604,Eelektross,Electric,515,5
605,Elgyem,Psychic,335,5
606,Beheeyem,Psychic,485,5
607,Litwick,Ghost/Fire,275,5
608,Lampent,Ghost/Fire,370,5
609,Chandelure,Ghost/Fire,520,5
610,Axew,Dragon,320,5
611,Fraxure,Dragon,410,5
612,Haxorus,Dragon,540,5
613,Cubchoo,Ice,305,5
614,Beartic,Ice,505,5
615,Cryogonal,Ice,515,5
616,Shelmet,Bug,305,5
617,Accelgor,Bug,495,5
618,Stunfisk,Ground/Electric,471,5
619,Mienfoo,Fighting,350,5
620,Mienshao,Fighting,510,5
621,Druddigon,Dragon,485,5
622,Golett,Ground/Ghost,303,5
623,Golurk,Ground/Ghost,483,5
624,Pawniard,Dark/Steel,340,5
625,Bisharp,Dark/Steel,490,5
626,Bouffalant,Normal,490,5
627,Rufflet,Normal/Flying,350,5
628,Braviary,Normal/Flying,510,5
629,Vullaby,Dark/Flying,370,5
630,Mandibuzz,Dark/Flying,510,5
631,Heatmor,Fire,484,5
632,Durant,Bug/Steel,484,5
633,Deino,Dark/Dragon,300,5
634,Zweilous,Dark/Dragon,420,5
635,Hydreigon,Dark/Dragon,600,5
636,Larvesta,Bug/Fire,360,5
637,Volcarona,Bug/Fire,550,5
638,Cobalion,Steel/Fighting,580,5
639,Terrakion,Rock/Fighting,580,5
640,Virizion,Grass/Fighting,580,5
641,TornadusIncarnate Forme,Flying,580,5
642,ThundurusIncarnate Forme,Electric/Flying,580,5
643,Reshiram,Dragon/Fire,680,5
644,Zekrom,Dragon/Electric,680,5
645,LandorusIncarnate Forme,Ground/Flying,600,5
646,Kyurem,Dragon/Ice,660,5
647,KeldeoOrdinary Form,Water/Fighting,580,5
648,MeloettaAria Forme,Normal/Psychic,600,5
649,Genesect,Bug/Steel,600,5
650,Chespin,Grass,313,6
651,Quilladin,Grass,405,6
652,Chesnaught,Grass/Fighting,530,6
653,Fennekin,Fire,307,6
654,Braixen,Fire,409,6
655,Delphox,Fire/Psychic,534,6
656,Froakie,Water,314,6
657,Frogadier,Water,405,6
658,Greninja,Water/Dark,530,6
659,Bunnelby,Normal,237,6
660,Diggersby,Normal/Ground,423,6
661,Fletchling,Normal/Flying,278,6
662,Fletchinder,Fire/Flying,382,6
663,Talonflame,Fire/Flying,499,6
664,Scatterbug,Bug,200,6
665,Spewpa,Bug,213,6
666,Vivillon,Bug/Flying,411,6
667,Litleo,Fire/Normal,369,6
668,Pyroar,Fire/Normal,507,6
669,Flabébé,Fairy,303,6
670,Floette,Fairy,371,6
671,Florges,Fairy,552,6
672,Skiddo,Grass,350,6
673,Gogoat,Grass,531,6
674,Pancham,Fighting,348,6
675,Pangoro,Fighting/Dark,495,6
676,Furfrou,Normal,472,6
677,Espurr,Psychic,355,6
678,MeowsticMale,Psychic,466,6
679,Honedge,Steel/Ghost,325,6
680,Doublade,Steel/Ghost,448,6
681,AegislashShield Forme,Steel/Ghost,500,6
682,Spritzee,Fairy,341,6
683,Aromatisse,Fairy,462,6
684,Swirlix,Fairy,341,6
685,Slurpuff,Fairy,480,6
686,Inkay,Dark/Psychic,288,6
687,Malamar,Dark/Psychic,482,6
688,Binacle,Rock/Water,306,6
689,Barbaracle,Rock/Water,500,6
690,Skrelp,Poison/Water,320,6
691,Dragalge,Poison/Dragon,494,6
692,Clauncher,Water,330,6
693,Clawitzer,Water,500,6
694,Helioptile,Electric/Normal,289,6
695,Heliolisk,Electric/Normal,481,6
696,Tyrunt,Rock/Dragon,362,6
697,Tyrantrum,Rock/Dragon,521,6
698,Amaura,Rock/Ice,362,6
699,Aurorus,Rock/Ice,521,6
700,Sylveon,Fairy,525,6
701,Hawlucha,Fighting/Flying,500,6
702,Dedenne,Electric/Fairy,431,6
703,Carbink,Rock/Fairy,500,6
704,Goomy,Dragon,300,6
705,Sliggoo,Dragon,452,6
706,Goodra,Dragon,600,6
707,Klefki,Steel/Fairy,470,6
708,Phantump,Ghost/Grass,309,6
709,Trevenant,Ghost/Grass,474,6
710,PumpkabooAverage Size,Ghost/Grass,335,6
711,GourgeistAverage Size,Ghost/Grass,494,6
712,Bergmite,Ice,304,6
713,Avalugg,Ice,514,6
714,Noibat,Flying/Dragon,245,6
715,Noivern,Flying/Dragon,535,6
716,Xerneas,Fairy,680,6
717,Yveltal,Dark/Flying,680,6
718,Zygarde50% Forme,Dragon/Ground,600,6
719,Diancie,Rock/Fairy,600,6
720,HoopaHoopa Confined,Psychic/Ghost,600,6
721,Volcanion,Fire/Water,600,6
722,Rowlet,Grass/Flying,320,7
723,Dartrix,Grass/Flying,420,7
724,Decidueye,Grass/Ghost,530,7
725,Litten,Fire,320,7
726,Torracat,Fire,420,7
727,Incineroar,Fire/Dark,530,7
728,Popplio,Water,320,7
729,Brionne,Water,420,7
730,Primarina,Water/Fairy,530,7
731,Pikipek,Normal/Flying,265,7
732,Trumbeak,Normal/Flying,355,7
733,Toucannon,Normal/Flying,485,7
734,Yungoos,Normal,253,7
735,Gumshoos,Normal,418,7
736,Grubbin,Bug,300,7
737,Charjabug,Bug/Electric,400,7
738,Vikavolt,Bug/Electric,500,7
739,Crabrawler,Fighting,338,7
740,Crabominable,Fighting/Ice,478,7
741,OricorioBaile Style,Fire/Flying,476,7
742,Cutiefly,Bug/Fairy,304,7
743,Ribombee,Bug/Fairy,464,7
744,Rockruff,Rock,280,7
745,LycanrocMidday Form,Rock,487,7
746,WishiwashiSolo Form,Water,175,7
747,Mareanie,Poison/Water,305,7
748,Toxapex,Poison/Water,495,7
749,Mudbray,Ground,385,7
750,Mudsdale,Ground,500,7
751,Dewpider,Water/Bug,269,7
752,Araquanid,Water/Bug,454,7
753,Fomantis,Grass,250,7
754,Lurantis,Grass,480,7
755,Morelull,Grass/Fairy,285,7
756,Shiinotic,Grass/Fairy,405,7
757,Salandit,Poison/Fire,320,7
758,Salazzle,Poison/Fire,480,7
759,Stufful,Normal/Fighting,340,7
760,Bewear,Normal/Fighting,500,7
761,Bounsweet,Grass,210,7
762,Steenee,Grass,290,7
763,Tsareena,Grass,510,7
764,Comfey,Fairy,485,7
765,Oranguru,Normal/Psychic,490,7
766,Passimian,Fighting,490,7
767,Wimpod,Bug/Water,230,7
768,Golisopod,Bug/Water,530,7
769,Sandygast,Ghost/Ground,320,7
770,Palossand,Ghost/Ground,480,7
771,Pyukumuku,Water,410,7
772,Type: Null,Normal,534,7
773,Silvally,Normal,570,7
774,MiniorMeteor Form,Rock/Flying,440,7
775,Komala,Normal,480,7
776,Turtonator,Fire/Dragon,485,7
777,Togedemaru,Electric/Steel,435,7
778,Mimikyu,Ghost/Fairy,476,7
779,Bruxish,Water/Psychic,475,7
780,Drampa,Normal/Dragon,485,7
781,Dhelmise,Ghost/Grass,517,7
782,Jangmo-o,Dragon,300,7
783,Hakamo-o,Dragon/Fighting,420,7
784,Kommo-o,Dragon/Fighting,600,7
785,Tapu Koko,Electric/Fairy,570,7
786,Tapu Lele,Psychic/Fairy,570,7
787,Tapu Bulu,Grass/Fairy,570,7
788,Tapu Fini,Water/Fairy,570,7
789,Cosmog,Psychic,200,7
790,Cosmoem,Psychic,400,7
791,Solgaleo,Psychic/Steel,680,7
792,Lunala,Psychic/Ghost,680,7
793,Nihilego,Rock/Poison,570,7
794,Buzzwole,Bug/Fighting,570,7
795,Pheromosa,Bug/Fighting,570,7
796,Xurkitree,Electric,570,7
797,Celesteela,Steel/Flying,570,7
798,Kartana,Grass/Steel,570,7
799,Guzzlord,Dark/Dragon,570,7
800,Necrozma,Psychic,600,7
801,Magearna,Steel/Fairy,600,7
802,Marshadow,Fighting/Ghost,600,7
803,Poipole,Poison,420,7
804,Naganadel,Poison/Dragon,540,7
805,Stakataka,Rock/Steel,570,7
806,Blacephalon,Fire/Ghost,570,7
807,Zeraora,Electric,600,7
808,Meltan,Steel,300,7
809,Melmetal,Steel,600,7
810,Grookey,Grass,310,8
811,Thwackey,Grass,420,8
812,Rillaboom,Grass,530,8
813,Scorbunny,Fire,310,8
814,Raboot,Fire,420,8
815,Cinderace,Fire,530,8
816,Sobble,Water,310,8
817,Drizzile,Water,420,8
818,Inteleon,Water,530,8
819,Skwovet,Normal,275,8
820,Greedent,Normal,460,8
821,Rookidee,Flying,245,8
822,Corvisquire,Flying,365,8
823,Corviknight,Flying/Steel,495,8
824,Blipbug,Bug,180,8
825,Dottler,Bug/Psychic,335,8
826,Orbeetle,Bug/Psychic,505,8
827,Nickit,Dark,245,8
828,Thievul,Dark,455,8
829,Gossifleur,Grass,250,8
830,Eldegoss,Grass,460,8
831,Wooloo,Normal,270,8
832,Dubwool,Normal,490,8
833,Chewtle,Water,284,8
834,Drednaw,Water/Rock,485,8
835,Yamper,Electric,270,8
836,Boltund,Electric,490,8
837,Rolycoly,Rock,240,8
838,Carkol,Rock/Fire,410,8
839,Coalossal,Rock/Fire,510,8
840,Applin,Grass/Dragon,260,8
841,Flapple,Grass/Dragon,485,8
842,Appletun,Grass/Dragon,485,8
843,Silicobra,Ground,315,8
844,Sandaconda,Ground,510,8
845,Cramorant,Flying/Water,475,8
846,Arrokuda,Water,280,8
847,Barraskewda,Water,490,8
848,Toxel,Electric/Poison,242,8
849,ToxtricityAmped Form,Electric/Poison,502,8
850,Sizzlipede,Fire/Bug,305,8
851,Centiskorch,Fire/Bug,525,8
852,Clobbopus,Fighting,310,8
853,Grapploct,Fighting,480,8
854,Sinistea,Ghost,308,8
855,Polteageist,Ghost,508,8
856,Hatenna,Psychic,265,8
857,Hattrem,Psychic,370,8
858,Hatterene,Psychic/Fairy,510,8
859,Impidimp,Dark/Fairy,265,8
860,Morgrem,Dark/Fairy,370,8
861,Grimmsnarl,Dark/Fairy,510,8
862,Obstagoon,Dark/Normal,520,8
863,Perrserker,Steel,440,8
864,Cursola,Ghost,510,8
865,Sirfetch'd,Fighting,507,8
866,Mr. Rime,Ice/Psychic,520,8
867,Runerigus,Ground/Ghost,483,8
868,Milcery,Fairy,270,8
869,Alcremie,Fairy,495,8
870,Falinks,Fighting,470,8
871,Pincurchin,Electric,435,8
872,Snom,Ice/Bug,185,8
873,Frosmoth,Ice/Bug,475,8
874,Stonjourner,Rock,470,8
875,EiscueIce Face,Ice,470,8
876,IndeedeeMale,Psychic/Normal,475,8
877,MorpekoFull Belly Mode,Electric/Dark,436,8
878,Cufant,Steel,330,8
879,Copperajah,Steel,500,8
880,Dracozolt,Electric/Dragon,505,8
881,Arctozolt,Electric/Ice,505,8
882,Dracovish,Water/Dragon,505,8
883,Arctovish,Water/Ice,505,8
884,Duraludon,Steel/Dragon,535,8
885,Dreepy,Dragon/Ghost,270,8
886,Drakloak,Dragon/Ghost,410,8
887,Dragapult,Dragon/Ghost,600,8
888,ZacianHero of Many Battles,Fairy,660,8
889,ZamazentaHero of Many Battles,Fighting,660,8
890,Eternatus,Poison/Dragon,690,8
891,Kubfu,Fighting,385,8
892,UrshifuSingle Strike Style,Fighting/Dark,550,8
893,Zarude,Dark/Grass,600,8
894,Regieleki,Electric,580,8
895,Regidrago,Dragon,580,8
896,Glastrier,Ice,580,8
897,Spectrier,Ghost,580,8
898,Calyrex,Psychic/Grass,500,8
899,Wyrdeer,Normal/Psychic,525,8
900,Kleavor,Bug/Rock,500,8
901,Ursaluna,Ground/Normal,550,8
902,BasculegionMale,Water/Ghost,530,8
903,Sneasler,Fighting/Poison,510,8
904,Overqwil,Dark/Poison,510,8
905,EnamorusIncarnate Forme,Fairy/Flying,580,8
906,Sprigatito,Grass,310,9
907,Floragato,Grass,410,9
908,Meowscarada,Grass/Dark,530,9
909,Fuecoco,Fire,310,9
910,Crocalor,Fire,411,9
911,Skeledirge,Fire/Ghost,530,9
912,Quaxly,Water,310,9
913,Quaxwell,Water,410,9
914,Quaquaval,Water/Fighting,530,9
915,Lechonk,Normal,254,9
916,OinkologneMale,Normal,489,9
917,Tarountula,Bug,210,9
918,Spidops,Bug,404,9
919,Nymble,Bug,210,9
920,Lokix,Bug/Dark,450,9
921,Pawmi,Electric,240,9
922,Pawmo,Electric/Fighting,350,9
923,Pawmot,Electric/Fighting,490,9
924,Tandemaus,Normal,305,9
925,MausholdFamily of Four,Normal,470,9
926,Fidough,Fairy,312,9
927,Dachsbun,Fairy,477,9
928,Smoliv,Grass/Normal,260,9
929,Dolliv,Grass/Normal,354,9
930,Arboliva,Grass/Normal,510,9
931,SquawkabillyGreen Plumage,Normal/Flying,417,9
932,Nacli,Rock,280,9
933,Naclstack,Rock,355,9
934,Garganacl,Rock,500,9
935,Charcadet,Fire,255,9
936,Armarouge,Fire/Psychic,525,9
937,Ceruledge,Fire/Ghost,525,9
938,Tadbulb,Electric,272,9
939,Bellibolt,Electric,495,9
940,Wattrel,Electric/Flying,280,9
941,Kilowattrel,Electric/Flying,490,9
942,Maschiff,Dark,340,9
943,Mabosstiff,Dark,505,9
944,Shroodle,Poison/Normal,290,9
945,Grafaiai,Poison/Normal,485,9
946,Bramblin,Grass/Ghost,275,9
947,Brambleghast,Grass/Ghost,480,9
948,Toedscool,Ground/Grass,335,9
949,Toedscruel,Ground/Grass,515,9
950,Klawf,Rock,450,9
951,Capsakid,Grass,304,9
952,Scovillain,Grass/Fire,486,9
953,Rellor,Bug,270,9
954,Rabsca,Bug/Psychic,470,9
955,Flittle,Psychic,255,9
956,Espathra,Psychic,481,9
957,Tinkatink,Fairy/Steel,297,9
958,Tinkatuff,Fairy/Steel,380,9
959,Tinkaton,Fairy/Steel,506,9
960,Wiglett,Water,245,9
961,Wugtrio,Water,425,9
962,Bombirdier,Flying/Dark,485,9
963,Finizen,Water,315,9
964,PalafinZero Form,Water,457,9
965,Varoom,Steel/Poison,300,9
966,Revavroom,Steel/Poison,500,9
967,Cyclizar,Dragon/Normal,501,9
968,Orthworm,Steel,480,9
969,Glimmet,Rock/Poison,350,9
970,Glimmora,Rock/Poison,525,9
971,Greavard,Ghost,290,9
972,Houndstone,Ghost,488,9
973,Flamigo,Flying/Fighting,500,9
974,Cetoddle,Ice,334,9
975,Cetitan,Ice,521,9
976,Veluza,Water/Psychic,478,9
977,Dondozo,Water,530,9
978,TatsugiriCurly Form,Dragon/Water,475,9
979,Annihilape,Fighting/Ghost,535,9
980,Clodsire,Poison/Ground,430,9
981,Farigiraf,Normal/Psychic,520,9
982,DudunsparceTwo-Segment Form,Normal,520,9
983,Kingambit,Dark/Steel,550,9
984,Great Tusk,Ground/Fighting,570,9
985,Scream Tail,Fairy/Psychic,570,9
986,Brute Bonnet,Grass/Dark,570,9
987,Flutter Mane,Ghost/Fairy,570,9
988,Slither Wing,Bug/Fighting,570,9
989,Sandy Shocks,Electric/Ground,570,9
990,Iron Treads,Ground/Steel,570,9
991,Iron Bundle,Ice/Water,570,9
992,Iron Hands,Fighting/Electric,570,9
993,Iron Jugulis,Dark/Flying,570,9
994,Iron Moth,Fire/Poison,570,9
995,Iron Thorns,Rock/Electric,570,9
996,Frigibax,Dragon/Ice,320,9
997,Arctibax,Dragon/Ice,423,9
998,Baxcalibur,Dragon/Ice,600,9
999,GimmighoulChest Form,Ghost,300,9
1000,Gholdengo,Steel/Ghost,550,9
1001,Wo-Chien,Dark/Grass,570,9
1002,Chien-Pao,Dark/Ice,570,9
1003,Ting-Lu,Dark/Ground,570,9
1004,Chi-Yu,Dark/Fire,570,9
1005,Roaring Moon,Dragon/Dark,590,9
1006,Iron Valiant,Fairy/Fighting,590,9
1007,Koraidon,Fighting/Dragon,670,9
1008,Miraidon,Electric/Dragon,670,9
1009,Walking Wake,Water/Dragon,590,9
1010,Iron Leaves,Grass/Psychic,590,9
1011,Dipplin,Grass/Dragon,485,9
1012,Poltchageist,Grass/Ghost,308,9
1013,Sinistcha,Grass/Ghost,508,9
1014,Okidogi,Poison/Fighting,555,9
1015,Munkidori,Poison/Psychic,555,9
1016,Fezandipiti,Poison/Fairy,555,9
1017,OgerponTeal Mask,Grass,550,9
1018,Archaludon,Steel/Dragon,600,9
1019,Hydrapple,Grass/Dragon,540,9
1020,Gouging Fire,Fire/Dragon,590,9
1021,Raging Bolt,Electric/Dragon,590,9
1022,Iron Boulder,Rock/Psychic,590,9
1023,Iron Crown,Steel/Psychic,590,9
1024,TerapagosNormal Form,Normal,450,9
1025,Pecharunt,Poison/Ghost,600,9
